brand,product_code,gtin,trial_id
Anycubic,,6974662351661,ICAT-001
Bambu Lab,,6975337030102,ICAT-002
Copymaster3D,,5060848215856,ICAT-003
Creality 3D,,6971636401254,ICAT-004
ELEGOO,,6932704900284,ICAT-005
eSun,,6922572202436,ICAT-006
Flashforge,,6937120318330,ICAT-007
Panchroma,,6938936700173,ICAT-008
Polymaker,,6938936705956,ICAT-009
PrimaCreator,,7340002112985,ICAT-010
SUNLU,,6933582304799,ICAT-011
UltiMaker,,8718836374548,ICAT-012
XYZPrinting,,4715872749396,ICAT-013
Anycubic,,6974662351678,ICAT-014
Bambu Lab,,6975337030195,ICAT-015
Copymaster3D,,5060848215863,ICAT-016
Creality 3D,,6971636401261,ICAT-017
ELEGOO,,6932704901434,ICAT-018
eSun,,6922572204317,ICAT-019
Flashforge,,6937120318347,ICAT-020
Panchroma,,6938936700180,ICAT-021
Polymaker,,6938936716242,ICAT-022
PrimaCreator,,7340002112992,ICAT-023
SUNLU,,6933582304805,ICAT-024
UltiMaker,,8718836374555,ICAT-025
Anycubic,,6974662352750,ICAT-026
Bambu Lab,,6937285509710,ICAT-027
Copymaster3D,,5060848217652,ICAT-028
Creality 3D,,6971636401711,ICAT-029
eSun,,6922572209121,ICAT-030
Polymaker,,6938936718383,ICAT-031
PrimaCreator,,7340002113432,ICAT-032
SUNLU,,6933582306854,ICAT-033
UltiMaker,,8719874983518,ICAT-034
Anycubic,,6974662352767,ICAT-035
Bambu Lab,,6937285509727,ICAT-036
Copymaster3D,,5060848217669,ICAT-037
Creality 3D,,6971636401858,ICAT-038
eSun,,6922572217249,ICAT-039
PrimaCreator,,7340002114224,ICAT-040
SUNLU,,6933582306861,ICAT-041
UltiMaker,,8719874983525,ICAT-042
Anycubic,,6974662352774,ICAT-043
Bambu Lab,,6937285509734,ICAT-044
Copymaster3D,,5060848217676,ICAT-045
Anycubic,,6974662350381,ICAT-046
Copymaster3D,,5060848215382,ICAT-047
Creality 3D,,6971636403579,ICAT-048
eSun,,6922572206328,ICAT-049
PrimaCreator,,7340002119441,ICAT-050
SUNLU,,6933582315405,ICAT-051
UltiMaker,,8718836374685,ICAT-052
Anycubic,,6974662350435,ICAT-053
Copymaster3D,,5060848215399,ICAT-054
Creality 3D,,6971636403609,ICAT-055
PrimaCreator,,7340002120201,ICAT-056
SUNLU,,6933582317522,ICAT-057
PrimaCreator,,7340002120218,ICAT-058
Anycubic,,6974662353092,ICAT-059
Bambu Lab,,6975337033493,ICAT-060
Creality 3D,,6971636407331,ICAT-061
PrimaCreator,,7340002114798,ICAT-062
UltiMaker,,8719874985567,ICAT-063
Anycubic,,6974662353108,ICAT-064
Bambu Lab,,6977252425155,ICAT-065
Creality 3D,,6977905742042,ICAT-066
SUNLU,,6933582317768,ICAT-067
Creality 3D,,6977905742059,ICAT-068
SUNLU,,6933582317775,ICAT-069
SUNLU,,6933582317805,ICAT-070
UltiMaker,,8718836374937,ICAT-071
UltiMaker,,8718836374944,ICAT-072
UltiMaker,,8719874985994,ICAT-073
Bambu Lab,,6975337032205,ICAT-074
UltiMaker,,8718836374876,ICAT-075
Bambu Lab,,6977252429702,ICAT-076
Copymaster3D,,5060848217829,ICAT-077
eSun,,6922572241619,ICAT-078
NinjaTek,,0634041005009,ICAT-079
Polymaker,,6938936718352,ICAT-080
Zortrax,,5902280826187,ICAT-081
NinjaTek,,0662345233620,ICAT-082
PrimaCreator,,7340002119458,ICAT-083
SUNLU,,6933582315986,ICAT-084
Anycubic,,6974662350442,ICAT-085
Copymaster3D,,5060848217508,ICAT-086
Creality 3D,,6971636403647,ICAT-087
ELEGOO,,6932704901441,ICAT-088
eSun,,6922572242418,ICAT-089
Flashforge,,6970152958464,ICAT-090
NinjaTek,,0662345233644,ICAT-091
Panchroma,,6938936714385,ICAT-092
ELEGOO,,6932704901458,ICAT-093
NinjaTek,,0662345233651,ICAT-094
Panchroma,,6938936714392,ICAT-095
Copymaster3D,,5060848217836,ICAT-096
ELEGOO,,6932704901465,ICAT-097
NinjaTek,,0662345233675,ICAT-098
Panchroma,,6938936714569,ICAT-099
Polymaker,,6938936716259,ICAT-100
3D Prima Basic,,7340002118178,ICAT-101
3D Printing Canada,,8770620000170,ICAT-102
3DE,,5711336017888,ICAT-103
3DFOX,,721688578000,ICAT-104
3DO,,571203011013,ICAT-105
3DTrcek,,3830067440177,ICAT-106
Anycubic,,6974662352064,ICAT-107
AzureFilm,,3830063540000,ICAT-108
Bambu Lab,,921086537184,ICAT-109
Buddy3D,,8594173672987,ICAT-110
Copymaster,,5060848213241,ICAT-111
Devil Design,,5902280030140,ICAT-112
EasyPrint,,7340002113029,ICAT-113
Eolas Prints,,8436583680001,ICAT-114
eSUN,,6922572201491,ICAT-115
Fiberlogy,,5902560990003,ICAT-116
FilamentPM,,8594185640011,ICAT-117
FormFutura,,8718924470466,ICAT-118
Grilon3,,7798049652788,ICAT-119
Hatchbox,,191314034277,ICAT-120
Inland,,618996754236,ICAT-121
L3D,,5744006030146,ICAT-122
Landu,,6979801400507,ICAT-123
Panchroma,,6938936714675,ICAT-124
Polymaker,,6938936701934,ICAT-125
3D Prima Basic,,7340002119717,ICAT-126
3D Printing Canada,,8770620000460,ICAT-127
3DE,,5711336017840,ICAT-128
3DFOX,,721688578116,ICAT-129
3DTrcek,,3830067440627,ICAT-130
AzureFilm,,3830063541526,ICAT-131
Bambu Lab,,921191885729,ICAT-132
Buddy3D,,8594173673090,ICAT-133
Devil Design,,5902280030089,ICAT-134
EasyPrint,,7340002113388,ICAT-135
Eolas Prints,,8436583683293,ICAT-136
eSUN,,6922572204867,ICAT-137
Fiberlogy,,5902560990683,ICAT-138
FilamentPM,,8594185640646,ICAT-139
FormFutura,,8718924470121,ICAT-140
Grilon3,,7798049653693,ICAT-141
L3D,,5744006030511,ICAT-142
Polymaker,,6938936702023,ICAT-143
PrimaSelect,,7340002101071,ICAT-144
Print With Smile,,8594196452047,ICAT-145
3D Prima Basic,,7340002119380,ICAT-146
3D Printing Canada,,8770620000873,ICAT-147
3DFOX,,721688578246,ICAT-148
3DTrcek,,3830067440009,ICAT-149
AzureFilm,,383006354248,ICAT-150
Bambu Lab,,921128098888,ICAT-151
Buddy3D,,8594173673205,ICAT-152
Devil Design,,5902280030133,ICAT-153
Eolas Prints,,8436583684979,ICAT-154
eSUN,,6922572204683,ICAT-155
3DFOX,,721688578239,ICAT-156
3DO,,571203012010,ICAT-157
3DTrcek,,3830067440870,ICAT-158
AzureFilm,,383006354286,ICAT-159
Bambu Lab,,6975337032915,ICAT-160
Buddy3D,,8594173673373,ICAT-161
Devil Design,,5902280031147,ICAT-162
Eolas Prints,,8436583685457,ICAT-163
3DTrcek,,3830067441129,ICAT-164
AzureFilm,,3830063549492,ICAT-165
Copper 3D,,793591374314,ICAT-166
Devil Design,,5902280030751,ICAT-167
EasyPrint,,7340002114620,ICAT-168
Eolas Prints,,8436583683477,ICAT-169
eSUN,,6922572209237,ICAT-170
eSUN,,6922572274013,ICAT-171
FilamentPM,,8594185640929,ICAT-172
FilamentPM,,8594185640936,ICAT-173
FilamentPM,,8594185640943,ICAT-174
Bambu Lab,,6975337031833,ICAT-175
Fiberlogy,,5902560990713,ICAT-176
FormFutura,,8718924470428,ICAT-177
Grilon3,,7798049653181,ICAT-178
Inland,,618996742431,ICAT-179
FormFutura,,8720629067629,ICAT-180
Polymaker,,6938936707608,ICAT-181
Prusament,,8594173674875,ICAT-182
Raise3D,,6942267303538,ICAT-183
Formfutura,,8718924471388,ICAT-184
Grilon3,,7798049653815,ICAT-185
Polymaker,,6938936710868,ICAT-186
Fiberlogy,,5902560994209,ICAT-187
Grilon3,,7798049653129,ICAT-188
Spectrum,,5903175658012,ICAT-189
Fiberlogy,,5902560992120,ICAT-190
PrimaSelect,,7340002102870,ICAT-191
Prusament,,8594173676107,ICAT-192
3DE,,5744008200035,ICAT-193
CC3D,,6975354040078,ICAT-194
EasyPrint,,7340002117959,ICAT-195
Filanora,,5999137705702,ICAT-196
Fusion Filaments,,850076511418,ICAT-197
Polymaker,,6938936702146,ICAT-198
PolyMax,,6938936701569,ICAT-199
PrimaSelect,,7340002100623,ICAT-200
